{
    "avatar": {
        "image": "/img/person/avatar.jpg",
        "alt": "avatar"
    },
    "title": "Hi! My name is Courtney, <br/>i’m UI/UX Designer based in Toronto",
    "description": "I am a passionate and dedicated UI/UX designer with a strong focus on creating exceptional user experiences. I thrive on transforming complex ideas into intuitive and visually appealing designs. With a keen eye for detail and a user-centered approach, I strive to deliver impactful solutions that engage and delight users. Let's collaborate to bring your digital products to life!",
    "signature": {
        "image": "/img/person/sign.png",
        "alt": "signature"
    }
}